{
	"info": {
		"_postman_id": "88b87bb2-4b97-4a1e-8785-da8f5a9e0d29",
		"name": "_vLab US - Enablement",
		"schema": "https://schema.getpostman.com/json/collection/v2.1.0/collection.json"
	},
	"item": [
		{
			"name": "1. Unified Profile Service",
			"item": [
				{
					"name": "UPS - GET Profile by Entity ID & NS",
					"request": {
						"method": "GET",
						"header": [
							{
								"key": "x-api-key",
								"value": "{{clientID}}"
							},
							{
								"key": "x-gw-ims-org-id",
								"value": "{{IMSOrg}}"
							},

							{
								"key": "Authorization",
								"value": "Bearer {{access_token}}"
							},
							{
								"key": "x-sandbox-name",
								"value": "sandbox62"
							}

						],
						"url": {
							"raw": "https://platform.adobe.io/data/core/ups/access/entities?entityId=12985050058071343400593524106372419809&entityIdNS=ecid&schema.name=_xdm.context.profile",
							"protocol": "https",
							"host": [
								"platform",
								"adobe",
								"io"
							],
							"path": [
								"data",
								"core",
								"ups",
								"access",
								"entities"
							],
							"query": [
								{
									"key": "entityId",
									"value": "12985050058071343400593524106372419809"
								},
								{
									"key": "entityIdNS",
									"value": "ecid"
								},
								{
									"key": "schema.name",
									"value": "_xdm.context.profile"
								}
							]
						}
					},
					"response": []
				},
				{
					"name": "UPS - GET Profile & EE by Entity ID & NS",
					"request": {
						"method": "GET",
						"header": [
							{
								"key": "x-api-key",
								"value": "{{clientID}}"
							},
							{
								"key": "x-gw-ims-org-id",
								"value": "{{IMSOrg}}"
							},
							{
								"key": "Authorization",
								"value": "Bearer {{access_token}}"
							},
							{
								"key": "x-sandbox-name",
								"value": "sandbox62"
							}
						],
						"url": {
							"raw": "https://platform.adobe.io/data/core/ups/access/entities?schema.name=_xdm.context.experienceevent&relatedSchema.name=_xdm.context.profile&relatedEntityId=21000000000000000000144041608857636504&relatedEntityIdNS=ecid",
							"protocol": "https",
							"host": [
								"platform",
								"adobe",
								"io"
							],
							"path": [
								"data",
								"core",
								"ups",
								"access",
								"entities"
							],
							"query": [
								{
									"key": "schema.name",
									"value": "_xdm.context.experienceevent"
								},
								{
									"key": "relatedSchema.name",
									"value": "_xdm.context.profile"
								},
								{
									"key": "relatedEntityId",
									"value": "21000000000000000000144041608857636504"
								},
								{
									"key": "relatedEntityIdNS",
									"value": "ecid"
								}
							]
						}
					},
					"response": []
				}
			],
			"event": [
				{
					"listen": "prerequest",
					"script": {
						"type": "text/javascript",
						"exec": [
							""
						]
					}
				},
				{
					"listen": "test",
					"script": {
						"type": "text/javascript",
						"exec": [
							""
						]
					}
				}
			]
		},
		{
			"name": "2. Segmentation",
			"item": [
				{
					"name": "Step 1 - Profile: Create A Segment Definition",
					"event": [
						{
							"listen": "test",
							"script": {
								"exec": [
									"var segment = JSON.parse(responseBody);",
									"postman.setEnvironmentVariable(\"SEGMENT_ID\", segment.id);",
									""
								],
								"type": "text/javascript"
							}
						}
					],
					"request": {
						"method": "POST",
						"header": [
							{
								"key": "Authorization",
								"value": "bearer {{access_token}}"
							},
							{
								"key": "x-api-key",
								"value": "{{clientID}}"
							},
							{
								"key": "x-gw-ims-org-id",
								"value": "{{IMSOrg}}"
							},
							{
								"key": "Content-Type",
								"value": "application/json"
							},
							{
								"key": "x-sandbox-name",
								"value": "sandbox62"
							}
						],
						"body": {
							"mode": "raw",
							"raw": "{\n    \"name\" : \"ldap - All Female Customer (API)\",\n    \"expression\" : {\"type\":\"PQL\", \"format\":\"pql/json\", \"value\":\"{\\\"nodeType\\\":\\\"fnApply\\\",\\\"fnName\\\":\\\"in\\\",\\\"params\\\":[{\\\"nodeType\\\":\\\"fieldLookup\\\",\\\"fieldName\\\":\\\"gender\\\",\\\"object\\\":{\\\"nodeType\\\":\\\"fieldLookup\\\",\\\"fieldName\\\":\\\"person\\\",\\\"object\\\":{\\\"nodeType\\\":\\\"literal\\\",\\\"literalType\\\":\\\"XDMObject\\\",\\\"value\\\":\\\"profile\\\"}}},{\\\"literalType\\\":\\\"List\\\",\\\"nodeType\\\":\\\"literal\\\",\\\"value\\\":[\\\"female\\\"]}]}\"},\n    \"createdBy\": \"ldap\",\n    \"schema\" : { \"name\" : \"_xdm.context.profile\"},\n    \"ttlInDays\" : 90\n}"
						},
						"url": {
							"raw": "{{PLATFORM_GATEWAY}}/data/core/ups/segment/definitions",
							"host": [
								"{{PLATFORM_GATEWAY}}"
							],
							"path": [
								"data",
								"core",
								"ups",
								"segment",
								"definitions"
							]
						}
					},
					"response": []
				},
				{
					"name": "Step 2 - POST Segment Job",
					"event": [
						{
							"listen": "test",
							"script": {
								"exec": [
									"var data = JSON.parse(responseBody);",
									"postman.setEnvironmentVariable(\"JOB_ID\", data.id);"
								],
								"type": "text/javascript"
							}
						}
					],
					"request": {
						"method": "POST",
						"header": [
							{
								"key": "Content-Type",
								"value": "application/json"
							},
							{
								"key": "x-gw-ims-org-id",
								"value": "{{IMSOrg}}"
							},
							{
								"key": "x-api-key",
								"value": "{{clientID}}"
							},
							{
								"key": "Authorization",
								"value": "Bearer {{access_token}}"
							},
							{
								"key": "x-sandbox-name",
								"value": "sandbox62"
							}
						],
						"body": {
							"mode": "raw",
							"raw": "[\n    {\n        \"segmentId\": \"{{SEGMENT_ID}}\"\n    }\n]"
						},
						"url": {
							"raw": "https://platform.adobe.io/data/core/ups/segment/jobs",
							"protocol": "https",
							"host": [
								"platform",
								"adobe",
								"io"
							],
							"path": [
								"data",
								"core",
								"ups",
								"segment",
								"jobs"
							]
						}
					},
					"response": []
				},
				{
					"name": "Step 3 - GET Segment Job status",
					"event": [
						{
							"listen": "test",
							"script": {
								"exec": [
									"var data = JSON.parse(responseBody);",
									"postman.setEnvironmentVariable(\"MERGEPOLICY_ID\", data.segments[0].segment.mergePolicy.id);"
								],
								"type": "text/javascript"
							}
						}
					],
					"request": {
						"method": "GET",
						"header": [
							{
								"key": "x-gw-ims-org-id",
								"value": "{{IMSOrg}}"
							},
							{
								"key": "Content-Type",
								"value": "application/json"
							},
							{
								"key": "Authorization",
								"value": "Bearer {{access_token}}"
							},
							{
								"key": "x-api-key",
								"value": "{{clientID}}"
							},
							{
								"key": "x-sandbox-name",
								"value": "sandbox62"
							}
						],
						"url": {
							"raw": "{{PLATFORM_GATEWAY}}/data/core/ups/segment/jobs/{{JOB_ID}}",
							"host": [
								"{{PLATFORM_GATEWAY}}"
							],
							"path": [
								"data",
								"core",
								"ups",
								"segment",
								"jobs",
								"{{JOB_ID}}"
							]
						}
					},
					"response": []
				}
			]
		}
	],
	"event": [
		{
			"listen": "prerequest",
			"script": {
				"type": "text/javascript",
				"exec": [
					""
				]
			}
		},
		{
			"listen": "test",
			"script": {
				"type": "text/javascript",
				"exec": [
					""
				]
			}
		}
	]
}